title,0
avatar,0
pirates of the caribbean: at world's end,1
spectre,2
the dark knight rises,3
john carter,4
spider-man 3,5
tangled,6
avengers: age of ultron,7
harry potter and the half-blood prince,8
batman v superman: dawn of justice,9
superman returns,10
quantum of solace,11
pirates of the caribbean: dead man's chest,12
the lone ranger,13
man of steel,14
the chronicles of narnia: prince caspian,15
the avengers,16
pirates of the caribbean: on stranger tides,17
men in black 3,18
the hobbit: the battle of the five armies,19
the amazing spider-man,20
robin hood,21
the hobbit: the desolation of smaug,22
the golden compass,23
king kong,24
titanic,25
captain america: civil war,26
battleship,27
jurassic world,28
skyfall,29
spider-man 2,30
iron man 3,31
alice in wonderland,32
x-men: the last stand,33
monsters university,34
transformers: revenge of the fallen,35
transformers: age of extinction,36
oz: the great and powerful,37
the amazing spider-man 2,38
tron: legacy,39
cars 2,40
green lantern,41
toy story 3,42
terminator salvation,43
furious 7,44
world war z,45
x-men: days of future past,46
star trek into darkness,47
jack the giant slayer,48
the great gatsby,49
prince of persia: the sands of time,50
pacific rim,51
transformers: dark of the moon,52
indiana jones and the kingdom of the crystal skull,53
the good dinosaur,54
brave,55
star trek beyond,56
wall·e,57
rush hour 3,58
2012,59
a christmas carol,60
jupiter ascending,61
the legend of tarzan,62
"the chronicles of narnia: the lion, the witch and the wardrobe",63
x-men: apocalypse,64
the dark knight,65
up,66
monsters vs aliens,67
iron man,68
hugo,69
wild wild west,70
the mummy: tomb of the dragon emperor,71
suicide squad,72
evan almighty,73
edge of tomorrow,74
waterworld,75
g.i. joe: the rise of cobra,76
inside out,77
the jungle book,78
iron man 2,79
snow white and the huntsman,80
maleficent,81
dawn of the planet of the apes,82
the lovers,83
47 ronin,84
captain america: the winter soldier,85
shrek forever after,86
tomorrowland,87
big hero 6,88
wreck-it ralph,89
the polar express,90
independence day: resurgence,91
how to train your dragon,92
terminator 3: rise of the machines,93
guardians of the galaxy,94
interstellar,95
inception,96
shin godzilla,97
the hobbit: an unexpected journey,98
the fast and the furious,99
the curious case of benjamin button,100
x-men: first class,101
the hunger games: mockingjay - part 2,102
the sorcerer's apprentice,103
poseidon,104
alice through the looking glass,105
shrek the third,106
warcraft,107
terminator genisys,108
the chronicles of narnia: the voyage of the dawn treader,109
pearl harbor,110
transformers,111
alexander,112
harry potter and the order of the phoenix,113
harry potter and the goblet of fire,114
hancock,115
i am legend,116
charlie and the chocolate factory,117
ratatouille,118
batman begins,119
madagascar: escape 2 africa,120
night at the museum: battle of the smithsonian,121
x-men origins: wolverine,122
the matrix revolutions,123
frozen,124
the matrix reloaded,125
thor: the dark world,126
mad max: fury road,127
angels & demons,128
thor,129
bolt,130
g-force,131
wrath of the titans,132
dark shadows,133
mission: impossible - rogue nation,134
the wolfman,135
bee movie,136
kung fu panda 2,137
the last airbender,138
mission: impossible iii,139
white house down,140
mars needs moms,141
flushed away,142
pan,143
mr. peabody & sherman,144
troy,145
madagascar 3: europe's most wanted,146
die another day,147
ghostbusters,148
armageddon,149
men in black ii,150
beowulf,151
kung fu panda 3,152
mission: impossible - ghost protocol,153
rise of the guardians,154
fun with dick and jane,155
the last samurai,156
exodus: gods and kings,157
star trek,158
spider-man,159
how to train your dragon 2,160
gods of egypt,161
stealth,162
watchmen,163
lethal weapon 4,164
hulk,165
g.i. joe: retaliation,166
sahara,167
final fantasy: the spirits within,168
captain america: the first avenger,169
the world is not enough,170
master and commander: the far side of the world,171
the twilight saga: breaking dawn - part 2,172
happy feet two,173
the incredible hulk,174
the bfg,175
the revenant,176
turbo,177
rango,178
penguins of madagascar,179
the bourne ultimatum,180
kung fu panda,181
ant-man,182
the hunger games: catching fire,183
home,184
war of the worlds,185
bad boys ii,186
puss in boots,187
salt,188
noah,189
the adventures of tintin,190
harry potter and the prisoner of azkaban,191
australia,192
after earth,193
dinosaur,194
night at the museum: secret of the tomb,195
megamind,196
harry potter and the philosopher's stone,197
r.i.p.d.,198
pirates of the caribbean: the curse of the black pearl,199
the hunger games: mockingjay - part 1,200
the da vinci code,201
rio 2,202
x2,203
fast five,204
sherlock holmes: a game of shadows,205
clash of the titans,206
total recall,207
the 13th warrior,208
the bourne legacy,209
batman & robin,210
how the grinch stole christmas,211
the day after tomorrow,212
mission: impossible ii,213
the perfect storm,214
fantastic 4: rise of the silver surfer,215
life of pi,216
ghost rider,217
jason bourne,218
charlie's angels: full throttle,219
prometheus,220
stuart little 2,221
elysium,222
the chronicles of riddick,223
robocop,224
speed racer,225
how do you know,226
knight and day,227
oblivion,228
star wars: episode iii - revenge of the sith,229
star wars: episode ii - attack of the clones,230
"monsters, inc.",231
the wolverine,232
star wars: episode i - the phantom menace,233
the croods,234
asterix at the olympic games,235
windtalkers,236
the huntsman: winter's war,237
teenage mutant ninja turtles,238
gravity,239
dante's peak,240
teenage mutant ninja turtles: out of the shadows,241
fantastic four,242
night at the museum,243
san andreas,244
tomorrow never dies,245
the patriot,246
ocean's twelve,247
mr. & mrs. smith,248
insurgent,249
the aviator,250
gulliver's travels,251
the green hornet,252
300: rise of an empire,253
the smurfs,254
home on the range,255
allegiant,256
real steel,257
the smurfs 2,258
speed 2: cruise control,259
ender's game,260
live free or die hard,261
the lord of the rings: the fellowship of the ring,262
around the world in 80 days,263
ali,264
the cat in the hat,265
"i, robot",266
kingdom of heaven,267
stuart little,268
the princess and the frog,269
the martian,270
the island,271
town & country,272
gone in sixty seconds,273
gladiator,274
minority report,275
harry potter and the chamber of secrets,276
casino royale,277
planet of the apes,278
terminator 2: judgment day,279
public enemies,280
american gangster,281
true lies,282
the taking of pelham 1 2 3,283
little fockers,284
the other guys,285
eraser,286
django unchained,287
the hunchback of notre dame,288
the emperor's new groove,289
the expendables 2,290
national treasure,291
eragon,292
where the wild things are,293
epic,294
the tourist,295
end of days,296
blood diamond,297
the wolf of wall street,298
batman forever,299
starship troopers,300
cloud atlas,301
legend of the guardians: the owls of ga'hoole,302
catwoman,303
hercules,304
treasure planet,305
land of the lost,306
the expendables 3,307
point break,308
son of the mask,309
in the heart of the sea,310
the adventures of pluto nash,311
green zone,312
the peanuts movie,313
the spanish prisoner,314
the mummy returns,315
gangs of new york,316
the flowers of war,317
surf's up,318
the stepford wives,319
black hawk down,320
the campaign,321
the fifth element,322
sex and the city 2,323
the road to el dorado,324
ice age: continental drift,325
cinderella,326
the lovely bones,327
finding nemo,328
the lord of the rings: the return of the king,329
the lord of the rings: the two towers,330
seventh son,331
lara croft: tomb raider,332
transcendence,333
jurassic park iii,334
rise of the planet of the apes,335
the spiderwick chronicles,336
a good day to die hard,337
the alamo,338
the incredibles,339
cutthroat island,340
percy jackson & the olympians: the lightning thief,341
men in black,342
toy story 2,343
unstoppable,344
rush hour 2,345
what lies beneath,346
cloudy with a chance of meatballs,347
ice age: dawn of the dinosaurs,348
the secret life of walter mitty,349
charlie's angels,350
the departed,351
mulan,352
tropic thunder,353
the girl with the dragon tattoo,354
die hard: with a vengeance,355
sherlock holmes,356
ben-hur,357
atlantis: the lost empire,358
alvin and the chipmunks: the road chip,359
valkyrie,360
you don't mess with the zohan,361
pixels,362
a.i. artificial intelligence,363
the haunted mansion,364
contact,365
hollow man,366
the interpreter,367
percy jackson: sea of monsters,368
lara croft tomb raider: the cradle of life,369
now you see me 2,370
the saint,371
spy game,372
mission to mars,373
rio,374
bicentennial man,375
volcano,376
the devil's own,377
k-19: the widowmaker,378
conan the barbarian,379
cinderella man,380
the nutcracker: the untold story,381
seabiscuit,382
twister,383
cast away,384
happy feet,385
the bourne supremacy,386
air force one,387
ocean's eleven,388
the three musketeers,389
hotel transylvania,390
enchanted,391
safe house,392
102 dalmatians,393
tower heist,394
the holiday,395
enemy of the state,396
it's complicated,397
ocean's thirteen,398
open season,399
divergent,400
enemy at the gates,401
the rundown,402
last action hero,403
memoirs of a geisha,404
the fast and the furious: tokyo drift,405
arthur christmas,406
meet joe black,407
collateral damage,408
all that jazz,409
mirror mirror,410
scott pilgrim vs. the world,411
the core,412
nutty professor ii: the klumps,413
scooby-doo,414
dredd,415
click,416
creepshow,417
cats & dogs 2 : the revenge of kitty galore,418
jumper,419
hellboy ii: the golden army,420
zodiac,421
the 6th day,422
bruce almighty,423
the expendables,424
mission: impossible,425
the hunger games,426
the hangover part ii,427
batman returns,428
over the hedge,429
lilo & stitch,430
charlotte's web,431
deep impact,432
red 2,433
the longest yard,434
alvin and the chipmunks: chipwrecked,435
grown ups 2,436
get smart,437
something's gotta give,438
shutter island,439
four christmases,440
robots,441
face/off,442
bedtime stories,443
road to perdition,444
just go with it,445
con air,446
eagle eye,447
cold mountain,448
the book of eli,449
flubber,450
the haunting,451
space jam,452
the pink panther,453
the day the earth stood still,454
conspiracy theory,455
fury,456
six days seven nights,457
yogi bear,458
spirit: stallion of the cimarron,459
zookeeper,460
lost in space,461
the manchurian candidate,462
déjà vu,463
hotel transylvania 2,464
fantasia 2000,465
the time machine,466
mighty joe young,467
swordfish,468
the legend of zorro,469
what dreams may come,470
little nicky,471
the brothers grimm,472
mars attacks!,473
evolution,474
the edge,475
surrogates,476
thirteen days,477
daylight,478
walking with dinosaurs,479
battlefield earth,480
looney tunes: back in action,481
nine,482
timeline,483
the postman,484
babe: pig in the city,485
the last witch hunter,486
red planet,487
arthur and the invisibles,488
oceans,489
a sound of thunder,490
pompeii,491
top cat begins,492
a beautiful mind,493
the lion king,494
journey 2: the mysterious island,495
cloudy with a chance of meatballs 2,496
red dragon,497
hidalgo,498
jack and jill,499
2 fast 2 furious,500
the little prince,501
the invasion,502
the adventures of rocky & bullwinkle,503
the secret life of pets,504
the league of extraordinary gentlemen,505
despicable me 2,506
independence day,507
the lost world: jurassic park,508
madagascar,509
children of men,510
x-men,511
wanted,512
the rock,513
ice age: the meltdown,514
50 first dates,515
hairspray,516
exorcist: the beginning,517
inspector gadget,518
now you see me,519
grown ups,520
the terminal,521
hotel for dogs,522
vertical limit,523
charlie wilson's war,524
shark tale,525
dreamgirls,526
be cool,527
munich,528
tears of the sun,529
killers,530
the man from u.n.c.l.e.,531
spanglish,532
monster house,533
bandits,534
first knight,535
anna and the king,536
immortals,537
hostage,538
titan a.e.,539
hollywood homicide,540
soldier,541
carriers,542
monkeybone,543
flight of the phoenix,544
unbreakable,545
minions,546
sucker punch,547
snake eyes,548
sphere,549
the angry birds movie,550
fool's gold,551
funny people,552
the kingdom,553
talladega nights: the ballad of ricky bobby,554
dr. dolittle 2,555
braveheart,556
jarhead,557
the simpsons movie,558
the majestic,559
driven,560
two brothers,561
the village,562
doctor dolittle,563
signs,564
shrek 2,565
cars,566
runaway bride,567
xxx,568
the spongebob movie: sponge out of water,569
ransom,570
inglourious basterds,571
hook,572
die hard 2,573
s.w.a.t.,574
vanilla sky,575
lady in the water,576
avp: alien vs. predator,577
alvin and the chipmunks: the squeakquel,578
we were soldiers,579
olympus has fallen,580
star trek: insurrection,581
battle: los angeles,582
big fish,583
wolf,584
war horse,585
the monuments men,586
the abyss,587
wall street: money never sleeps,588
dracula untold,589
the siege,590
stardust,591
seven years in tibet,592
the dilemma,593
bad company,594
doom,595
i spy,596
underworld: awakening,597
rock of ages,598
hart's war,599
killer elite,600
rollerball,601
ballistic: ecks vs. sever,602
hard rain,603
osmosis jones,604
legends of oz: dorothy's return,605
blackhat,606
sky captain and the world of tomorrow,607
basic instinct 2,608
escape plan,609
the legend of hercules,610
the sum of all fears,611
the twilight saga: eclipse,612
the score,613
despicable me,614
money train,615
ted 2,616
agora,617
mystery men,618
hall pass,619
the insider,620
the finest hours,621
body of lies,622
dinner for schmucks,623
abraham lincoln: vampire hunter,624
entrapment,625
the x files,626
the last legion,627
saving private ryan,628
need for speed,629
what women want,630
ice age,631
dreamcatcher,632
lincoln,633
the matrix,634
apollo 13,635
the santa clause 2,636
les misérables,637
you've got mail,638
step brothers,639
the mask of zorro,640
due date,641
unbroken,642
space cowboys,643
cliffhanger,644
broken arrow,645
the kid,646
world trade center,647
mona lisa smile,648
the dictator,649
eyes wide shut,650
annie,651
focus,652
this means war,653
blade: trinity,654
red dawn,655
primary colors,656
resident evil: retribution,657
death race,658
the long kiss goodnight,659
proof of life,660
zathura: a space adventure,661
fight club,662
we are marshall,663
hudson hawk,664
lucky numbers,665
"i, frankenstein",666
oliver twist,667
elektra,668
sin city: a dame to kill for,669
random hearts,670
everest,671
perfume: the story of a murderer,672
austin powers in goldmember,673
astro boy,674
jurassic park,675
wyatt earp,676
clear and present danger,677
dragon blade,678
little man,679
u-571,680
the american president,681
the love guru,682
3000 miles to graceland,683
the hateful eight,684
blades of glory,685
hop,686
300,687
meet the fockers,688
marley & me,689
the green mile,690
wild hogs,691
chicken little,692
gone girl,693
the bourne identity,694
goldeneye,695
the general's daughter,696
the truman show,697
the prince of egypt,698
daddy day care,699
2 guns,700
cats & dogs,701
the italian job,702
two weeks notice,703
antz,704
couples retreat,705
days of thunder,706
cheaper by the dozen 2,707
maze runner: the scorch trials,708
eat pray love,709
the family man,710
red,711
any given sunday,712
the horse whisperer,713
collateral,714
the scorpion king,715
ladder 49,716
jack reacher,717
deep blue sea,718
this is it,719
contagion,720
kangaroo jack,721
coraline,722
the happening,723
man on fire,724
the shaggy dog,725
starsky & hutch,726
jingle all the way,727
hellboy,728
a civil action,729
paranorman,730
the jackal,731
paycheck,732
up close & personal,733
the tale of despereaux,734
the tuxedo,735
under siege 2: dark territory,736
jack ryan: shadow recruit,737
joy,738
london has fallen,739
alien: resurrection,740
shooter,741
the boxtrolls,742
practical magic,743
the lego movie,744
miss congeniality 2: armed and fabulous,745
reign of fire,746
gangster squad,747
year one,748
invictus,749
state of play,750
duplicity,751
my favorite martian,752
the sentinel,753
planet 51,754
star trek: nemesis,755
intolerable cruelty,756
trouble with the curve,757
edge of darkness,758
the relic,759
analyze that,760
righteous kill,761
mercury rising,762
the soloist,763
the legend of bagger vance,764
almost famous,765
garfield: a tail of two kitties,766
xxx: state of the union,767
priest,768
sinbad: legend of the seven seas,769
event horizon,770
dragonfly,771
the black dahlia,772
flyboys,773
the last castle,774
supernova,775
winter's tale,776
the mortal instruments: city of bones,777
meet dave,778
dark water,779
edtv,780
inkheart,781
the spirit,782
mortdecai,783
in the name of the king: a dungeon siege tale,784
beyond borders,785
the monkey king 2,786
the great raid,787
deadpool,788
holy man,789
american sniper,790
goosebumps,791
just like heaven,792
the flintstones in viva rock vegas,793
rambo iii,794
leatherheads,795
the ridiculous 6,796
did you hear about the morgans?,797
the internship,798
resident evil: afterlife,799
red tails,800
the devil's advocate,801
that's my boy,802
dragonheart,803
after the sunset,804
ghost rider: spirit of vengeance,805
captain corelli's mandolin,806
the pacifier,807
walking tall,808
forrest gump,809
alvin and the chipmunks,810
meet the parents,811
pocahontas,812
superman,813
the nutty professor,814
hitch,815
george of the jungle,816
american wedding,817
captain phillips,818
date night,819
casper,820
the equalizer,821
maid in manhattan,822
crimson tide,823
the pursuit of happyness,824
flightplan,825
disclosure,826
city of angels,827
kill bill: vol. 1,828
bowfinger,829
kill bill: vol. 2,830
tango & cash,831
death becomes her,832
shanghai noon,833
executive decision,834
mr. popper's penguins,835
the forbidden kingdom,836
free birds,837
alien³,838
evita,839
ronin,840
the ghost and the darkness,841
paddington,842
the watch,843
the hunted,844
instinct,845
stuck on you,846
semi-pro,847
the pirates! in an adventure with scientists!,848
changeling,849
chain reaction,850
the fan,851
the phantom of the opera,852
elizabeth: the golden age,853
æon flux,854
gods and generals,855
turbulence,856
imagine that,857
muppets most wanted,858
thunderbirds,859
burlesque,860
a very long engagement,861
lolita,862
d-tox,863
blade ii,864
seven pounds,865
bullet to the head,866
the godfather: part iii,867
elizabethtown,868
"you, me and dupree",869
superman ii,870
gigli,871
all the king's men,872
shaft,873
anastasia,874
moulin rouge!,875
domestic disturbance,876
black mass,877
flags of our fathers,878
law abiding citizen,879
grindhouse,880
beloved,881
lucky you,882
catch me if you can,883
zero dark thirty,884
the break-up,885
mamma mia!,886
valentine's day,887
the dukes of hazzard,888
the thin red line,889
the change-up,890
man on the moon,891
casino,892
from paris with love,893
bulletproof monk,894
"me, myself & irene",895
barnyard,896
deck the halls,897
the twilight saga: new moon,898
shrek,899
the adjustment bureau,900
robin hood: prince of thieves,901
jerry maguire,902
ted,903
as good as it gets,904
patch adams,905
anchorman 2: the legend continues,906
mr. deeds,907
super 8,908
erin brockovich,909
how to lose a guy in 10 days,910
22 jump street,911
interview with the vampire,912
yes man,913
central intelligence,914
stepmom,915
daddy's home,916
into the woods,917
inside man,918
payback,919
congo,920
we bought a zoo,921
knowing,922
failure to launch,923
the ring two,924
"crazy, stupid, love.",925
garfield,926
christmas with the kranks,927
moneyball,928
outbreak,929
non-stop,930
race to witch mountain,931
v for vendetta,932
shanghai knights,933
curious george,934
herbie fully loaded,935
don't say a word,936
hansel & gretel: witch hunters,937
unfaithful,938
i am number four,939
syriana,940
13 hours: the secret soldiers of benghazi,941
the book of life,942
firewall,943
absolute power,944
g.i. jane,945
the game,946
silent hill,947
the replacements,948
american reunion,949
the negotiator,950
into the storm,951
beverly hills cop iii,952
gremlins 2: the new batch,953
the judge,954
the peacemaker,955
resident evil: apocalypse,956
bridget jones: the edge of reason,957
out of time,958
on deadly ground,959
the adventures of sharkboy and lavagirl,960
the beach,961
raising helen,962
ninja assassin,963
for love of the game,964
striptease,965
marmaduke,966
hereafter,967
murder by numbers,968
assassins,969
hannibal rising,970
the story of us,971
the host,972
basic,973
blood work,974
the international,975
escape from l.a.,976
the iron giant,977
the life aquatic with steve zissou,978
free state of jones,979
the life of david gale,980
man of the house,981
run all night,982
eastern promises,983
into the blue,984
the messenger: the story of joan of arc,985
your highness,986
dream house,987
mad city,988
baby's day out,989
the scarlet letter,990
fair game,991
domino,992
jade,993
gamer,994
beautiful creatures,995
death to smoochy,996
zoolander 2,997
the big bounce,998
what planet are you from?,999
drive angry,1000
street fighter: the legend of chun-li,1001
the one,1002
the adventures of ford fairlane,1003
the boat that rocked,1004
traffic,1005
indiana jones and the last crusade,1006
anna karenina,1007
chappie,1008
the bone collector,1009
panic room,1010
the tooth fairy,1011
three kings,1012
child 44,1013
rat race,1014
k-pax,1015
kate & leopold,1016
bedazzled,1017
the cotton club,1018
3:10 to yuma,1019
taken 3,1020
out of sight,1021
the cable guy,1022
earth,1023
dick tracy,1024
the thomas crown affair,1025
riding in cars with boys,1026
first blood,1027
solaris,1028
happily n'ever after,1029
mary reilly,1030
my best friend's wedding,1031
america's sweethearts,1032
insomnia,1033
star trek: first contact,1034
jonah hex,1035
courage under fire,1036
liar liar,1037
the infiltrator,1038
inchon,1039
the flintstones,1040
taken 2,1041
scary movie 3,1042
miss congeniality,1043
journey to the center of the earth,1044
the princess diaries 2: royal engagement,1045
the pelican brief,1046
the client,1047
the bucket list,1048
patriot games,1049
monster-in-law,1050
prisoners,1051
training day,1052
galaxy quest,1053
scary movie 2,1054
the muppets,1055
blade,1056
coach carter,1057
changing lanes,1058
anaconda,1059
coyote ugly,1060
love actually,1061
a bug's life,1062
from hell,1063
the specialist,1064
tin cup,1065
"yours, mine and ours",1066
kicking & screaming,1067
the hitchhiker's guide to the galaxy,1068
fat albert,1069
resident evil: extinction,1070
blended,1071
last holiday,1072
the river wild,1073
the indian in the cupboard,1074
savages,1075
cellular,1076
johnny english,1077
the ant bully,1078
dune,1079
across the universe,1080
revolutionary road,1081
16 blocks,1082
babylon a.d.,1083
the glimmer man,1084
multiplicity,1085
aliens in the attic,1086
the pledge,1087
the producers,1088
the phantom,1089
all the pretty horses,1090
nixon,1091
the ghost writer,1092
deep rising,1093
miracle at st. anna,1094
curse of the golden flower,1095
bangkok dangerous,1096
big trouble,1097
love in the time of cholera,1098
shadow conspiracy,1099
johnny english reborn,1100
foodfight!,1101
argo,1102
the fugitive,1103
the bounty hunter,1104
sleepers,1105
rambo: first blood part ii,1106
the juror,1107
pinocchio,1108
heaven's gate,1109
underworld: evolution,1110
victor frankenstein,1111
finding forrester,1112
28 days,1113
unleashed,1114
the sweetest thing,1115
the firm,1116
charlie st. cloud,1117
the mechanic,1118
21 jump street,1119
notting hill,1120
chicken run,1121
along came polly,1122
boomerang,1123
the heat,1124
cleopatra,1125
here comes the boom,1126
high crimes,1127
the mirror has two faces,1128
the mothman prophecies,1129
brüno,1130
licence to kill,1131
red riding hood,1132
15 minutes,1133
super mario bros.,1134
lord of war,1135
hero,1136
one for the money,1137
the interview,1138
the warrior's way,1139
micmacs,1140
8 mile,1141
why i did (not) eat my father,1142
a knight's tale,1143
the medallion,1144
the sixth sense,1145
man on a ledge,1146
the big year,1147
the karate kid,1148
american hustle,1149
the proposal,1150
double jeopardy,1151
back to the future part ii,1152
lucy,1153
fifty shades of grey,1154
spy kids 3-d: game over,1155
a time to kill,1156
cheaper by the dozen,1157
lone survivor,1158
a league of their own,1159
the conjuring 2,1160
the social network,1161
he's just not that into you,1162
scary movie 4,1163
scream 3,1164
back to the future part iii,1165
get hard,1166
dracula,1167
julie & julia,1168
42,1169
the talented mr. ripley,1170
dumb and dumber to,1171
eight below,1172
the intern,1173
ride along 2,1174
the last of the mohicans,1175
ray,1176
sin city,1177
vantage point,1178
"i love you, man",1179
shallow hal,1180
jfk,1181
big momma's house 2,1182
the mexican,1183
17 again,1184
the other woman,1185
the final destination,1186
bridge of spies,1187
behind enemy lines,1188
get him to the greek,1189
shall we dance?,1190
small soldiers,1191
spawn,1192
the count of monte cristo,1193
the lincoln lawyer,1194
unknown,1195
the prestige,1196
horrible bosses 2,1197
escape from planet earth,1198
apocalypto,1199
the living daylights,1200
predators,1201
legal eagles,1202
secret window,1203
the lake house,1204
the skeleton key,1205
the odd life of timothy green,1206
made of honor,1207
jersey boys,1208
the rainmaker,1209
gothika,1210
amistad,1211
medicine man,1212
aliens vs predator: requiem,1213
ri¢hie ri¢h,1214
autumn in new york,1215
music and lyrics,1216
paul,1217
the guilt trip,1218
scream 4,1219
8mm,1220
the doors,1221
sex tape,1222
hanging up,1223
final destination 5,1224
mickey blue eyes,1225
pay it forward,1226
fever pitch,1227
drillbit taylor,1228
a million ways to die in the west,1229
the shadow,1230
extremely loud & incredibly close,1231
morning glory,1232
get rich or die tryin',1233
the art of war,1234
rent,1235
bless the child,1236
the out-of-towners,1237
the island of dr. moreau,1238
the musketeer,1239
the other boleyn girl,1240
sweet november,1241
the reaping,1242
mean streets,1243
renaissance man,1244
colombiana,1245
quest for camelot,1246
city by the sea,1247
at first sight,1248
torque,1249
city hall,1250
showgirls,1251
marie antoinette,1252
kiss of death,1253
get carter,1254
the impossible,1255
ishtar,1256
fantastic mr. fox,1257
life or something like it,1258
memoirs of an invisible man,1259
amélie,1260
new york minute,1261
alfie,1262
big miracle,1263
the deep end of the ocean,1264
feardotcom,1265
cirque du freak: the vampire's assistant,1266
duplex,1267
soul men,1268
raise the titanic,1269
universal soldier: the return,1270
pandorum,1271
impostor,1272
extreme ops,1273
just visiting,1274
sunshine,1275
a thousand words,1276
delgo,1277
the gunman,1278
stormbreaker,1279
disturbia,1280
hackers,1281
the hunting party,1282
the hudsucker proxy,1283
the warlords,1284
nomad: the warrior,1285
snowpiercer,1286
a monster in paris,1287
the last shot,1288
the crow,1289
baahubali: the beginning,1290
the time traveler's wife,1291
because i said so,1292
frankenweenie,1293
serenity,1294
against the ropes,1295
superman iii,1296
grudge match,1297
red cliff,1298
sweet home alabama,1299
the ugly truth,1300
sgt. bilko,1301
spy kids 2: the island of lost dreams,1302
star trek: generations,1303
the grandmaster,1304
water for elephants,1305
dragon nest: warriors' dawn,1306
the hurricane,1307
enough,1308
heartbreakers,1309
paul blart: mall cop 2,1310
angel eyes,1311
joe somebody,1312
the ninth gate,1313
extreme measures,1314
rock star,1315
precious,1316
white squall,1317
the thing,1318
riddick,1319
switchback,1320
texas rangers,1321
city of ember,1322
the master,1323
virgin territory,1324
the express,1325
the 5th wave,1326
creed,1327
the town,1328
what to expect when you're expecting,1329
burn after reading,1330
nim's island,1331
rush,1332
magnolia,1333
cop out,1334
how to be single,1335
dolphin tale,1336
twilight,1337
john q,1338
blue streak,1339
we're the millers,1340
the inhabited island,1341
breakdown,1342
never say never again,1343
hot tub time machine,1344
dolphin tale 2,1345
reindeer games,1346
a man apart,1347
aloha,1348
ghosts of mississippi,1349
snow falling on cedars,1350
the rite,1351
gattaca,1352
isn't she great,1353
space chimps,1354
head of state,1355
the hangover,1356
ip man 3,1357
austin powers: the spy who shagged me,1358
batman,1359
there be dragons,1360
lethal weapon 3,1361
the blind side,1362
spy kids,1363
horrible bosses,1364
true grit,1365
the devil wears prada,1366
star trek: the motion picture,1367
identity thief,1368
cape fear,1369
21,1370
trainwreck,1371
guess who,1372
the english patient,1373
l.a. confidential,1374
sky high,1375
in & out,1376
species,1377
a nightmare on elm street,1378
the cell,1379
the man in the iron mask,1380
secretariat,1381
tmnt,1382
radio,1383
friends with benefits,1384
neighbors 2: sorority rising,1385
saving mr. banks,1386
malcolm x,1387
this is 40,1388
old dogs,1389
underworld: rise of the lycans,1390
license to wed,1391
the benchwarmers,1392
must love dogs,1393
donnie brasco,1394
resident evil,1395
poltergeist,1396
the ladykillers,1397
max payne,1398
in time,1399
the back-up plan,1400
something borrowed,1401
black knight,1402
the bad news bears,1403
street fighter,1404
the pianist,1405
the nativity story,1406
house of wax,1407
closer,1408
j. edgar,1409
mirrors,1410
queen of the damned,1411
predator 2,1412
untraceable,1413
blast from the past,1414
flash gordon,1415
jersey girl,1416
alex cross,1417
midnight in the garden of good and evil,1418
heist,1419
nanny mcphee and the big bang,1420
hoffa,1421
the x files: i want to believe,1422
ella enchanted,1423
concussion,1424
abduction,1425
valiant,1426
wonder boys,1427
superhero movie,1428
broken city,1429
cursed,1430
premium rush,1431
hot pursuit,1432
the four feathers,1433
parker,1434
wimbledon,1435
furry vengeance,1436
bait,1437
krull,1438
lions for lambs,1439
flight of the intruder,1440
walk hard: the dewey cox story,1441
the shipping news,1442
american outlaws,1443
the young victoria,1444
whiteout,1445
the tree of life,1446
knock off,1447
sabotage,1448
the order,1449
punisher: war zone,1450
zoom,1451
the walk,1452
warriors of virtue,1453
a good year,1454
radio flyer,1455
bound by honor,1456
smilla's sense of snow,1457
femme fatale,1458
lion of the desert,1459
the horseman on the roof,1460
ride with the devil,1461
biutiful,1462
bandidas,1463
black water transit,1464
the maze runner,1465
unfinished business,1466
the age of innocence,1467
the fountain,1468
chill factor,1469
stolen,1470
ponyo,1471
the longest ride,1472
the astronaut's wife,1473
i dreamed of africa,1474
playing for keeps,1475
mandela: long walk to freedom,1476
reds,1477
a few good men,1478
exit wounds,1479
big momma's house,1480
thunder and the house of magic,1481
the darkest hour,1482
step up revolution,1483
snakes on a plane,1484
the watcher,1485
the punisher,1486
goal!: the dream begins,1487
safe,1488
pushing tin,1489
return of the jedi,1490
doomsday,1491
the reader,1492
wanderlust,1493
elf,1494
phenomenon,1495
snow dogs,1496
scrooged,1497
nacho libre,1498
bridesmaids,1499
this is the end,1500
stigmata,1501
men of honor,1502
takers,1503
the big wedding,1504
"big mommas: like father, like son",1505
source code,1506
alive,1507
the number 23,1508
the young and prodigious t.s. spivet,1509
1941,1510
dreamer: inspired by a true story,1511
a history of violence,1512
transporter 2,1513
the quick and the dead,1514
laws of attraction,1515
bringing out the dead,1516
repo men,1517
dragon wars: d-war,1518
bogus,1519
the incredible burt wonderstone,1520
cats don't dance,1521
cradle will rock,1522
the good german,1523
george and the dragon,1524
apocalypse now,1525
going the distance,1526
mr. holland's opus,1527
criminal,1528
out of africa,1529
flight,1530
moonraker,1531
the grand budapest hotel,1532
hearts in atlantis,1533
arachnophobia,1534
frequency,1535
vacation,1536
get shorty,1537
chicago,1538
big daddy,1539
american pie 2,1540
toy story,1541
speed,1542
the vow,1543
extraordinary measures,1544
remember the titans,1545
the hunt for red october,1546
the butler,1547
dodgeball: a true underdog story,1548
the addams family,1549
ace ventura: when nature calls,1550
the princess diaries,1551
the first wives club,1552
se7en,1553
district 9,1554
the spongebob squarepants movie,1555
mystic river,1556
million dollar baby,1557
analyze this,1558
the notebook,1559
27 dresses,1560
hannah montana: the movie,1561
rugrats in paris: the movie,1562
the prince of tides,1563
legends of the fall,1564
up in the air,1565
about schmidt,1566
warm bodies,1567
looper,1568
down to earth,1569
babe,1570
hope springs,1571
forgetting sarah marshall,1572
four brothers,1573
baby mama,1574
hope floats,1575
bride wars,1576
without a paddle,1577
13 going on 30,1578
midnight in paris,1579
the nut job,1580
blow,1581
message in a bottle,1582
star trek v: the final frontier,1583
like mike,1584
the naked gun 33⅓: the final insult,1585
a view to a kill,1586
the curse of the were-rabbit,1587
p.s. i love you,1588
racing stripes,1589
atonement,1590
letters to juliet,1591
black rain,1592
the three stooges,1593
corpse bride,1594
glory road,1595
sicario,1596
southpaw,1597
drag me to hell,1598
the age of adaline,1599
secondhand lions,1600
step up 3d,1601
blue crush,1602
stranger than fiction,1603
30 days of night,1604
the cabin in the woods,1605
meet the spartans,1606
midnight run,1607
the running man,1608
little shop of horrors,1609
hanna,1610
mortal kombat: annihilation,1611
larry crowne,1612
carrie,1613
take the lead,1614
gridiron gang,1615
what's the worst that could happen?,1616
9,1617
side effects,1618
the prince & me,1619
winnie the pooh,1620
dumb and dumberer: when harry met lloyd,1621
bulworth,1622
get on up,1623
one true thing,1624
virtuosity,1625
my super ex-girlfriend,1626
deliver us from evil,1627
sanctum,1628
little black book,1629
the five-year engagement,1630
mr. 3000,1631
the next three days,1632
ultraviolet,1633
assault on precinct 13,1634
the replacement killers,1635
fled,1636
eight legged freaks,1637
love & other drugs,1638
88 minutes,1639
north country,1640
the whole ten yards,1641
splice,1642
howard the duck,1643
pride and glory,1644
the cave,1645
alex & emma,1646
wicker park,1647
fright night,1648
the new world,1649
wing commander,1650
in dreams,1651
dragonball evolution,1652
the last stand,1653
godsend,1654
chasing liberty,1655
hoodwinked too! hood vs. evil,1656
an unfinished life,1657
the imaginarium of doctor parnassus,1658
barney's version,1659
runner runner,1660
antitrust,1661
glory,1662
once upon a time in america,1663
dead man down,1664
the merchant of venice,1665
the good thief,1666
supercross,1667
miss potter,1668
the promise,1669
doa: dead or alive,1670
the assassination of jesse james by the coward robert ford,1671
1911,1672
little nicholas,1673
wild card,1674
machine gun preacher,1675
animals united,1676
goodbye bafana,1677
united passions,1678
grace of monaco,1679
savva. heart of the warrior,1680
ripley's game,1681
sausage party,1682
pitch perfect 2,1683
walk the line,1684
keeping the faith,1685
the borrowers,1686
frost/nixon,1687
confessions of a dangerous mind,1688
serving sara,1689
the boss,1690
cry freedom,1691
mumford,1692
seed of chucky,1693
the jacket,1694
aladdin,1695
straight outta compton,1696
indiana jones and the temple of doom,1697
the rugrats movie,1698
along came a spider,1699
florence foster jenkins,1700
once upon a time in mexico,1701
die hard,1702
role models,1703
the big short,1704
taking woodstock,1705
miracle,1706
dawn of the dead,1707
the wedding planner,1708
space pirate captain harlock,1709
the royal tenenbaums,1710
identity,1711
last vegas,1712
for your eyes only,1713
serendipity,1714
timecop,1715
zoolander,1716
safe haven,1717
hocus pocus,1718
no reservations,1719
kick-ass,1720
30 minutes or less,1721
dracula 2000,1722
"alexander and the terrible, horrible, no good, very bad day",1723
pride & prejudice,1724
blade runner,1725
rob roy,1726
3 days to kill,1727
we own the night,1728
lost souls,1729
winged migration,1730
just my luck,1731
"mystery, alaska",1732
the spy next door,1733
a simple wish,1734
ghosts of mars,1735
our brand is crisis,1736
pride and prejudice and zombies,1737
kundun,1738
how to lose friends & alienate people,1739
kick-ass 2,1740
alatriste,1741
brick mansions,1742
octopussy,1743
knocked up,1744
my sister's keeper,1745
welcome home roscoe jenkins,1746
a passage to india,1747
notes on a scandal,1748
rendition,1749
star trek vi: the undiscovered country,1750
divine secrets of the ya-ya sisterhood,1751
kiss the girls,1752
the blues brothers,1753
the sisterhood of the traveling pants 2,1754
joyful noise,1755
about a boy,1756
lake placid,1757
lucky number slevin,1758
the right stuff,1759
anonymous,1760
the neverending story,1761
dark city,1762
the duchess,1763
return to oz,1764
the newton boys,1765
case 39,1766
suspect zero,1767
martian child,1768
spy kids: all the time in the world,1769
money monster,1770
the 51st state,1771
flawless,1772
mindhunters,1773
what just happened,1774
the statement,1775
the magic flute,1776
paul blart: mall cop,1777
freaky friday,1778
the 40 year old virgin,1779
shakespeare in love,1780
a walk among the tombstones,1781
kindergarten cop,1782
pineapple express,1783
ever after: a cinderella story,1784
open range,1785
flatliners,1786
a bridge too far,1787
red eye,1788
final destination 2,1789
"o brother, where art thou?",1790
legion,1791
pain & gain,1792
in good company,1793
clockstoppers,1794
silverado,1795
brothers,1796
agent cody banks 2: destination london,1797
new year's eve,1798
original sin,1799
the raven,1800
welcome to mooseport,1801
highlander: the final dimension,1802
blood and wine,1803
snow white: a tale of terror,1804
the curse of the jade scorpion,1805
accidental love,1806
flipper,1807
self/less,1808
the constant gardener,1809
the passion of the christ,1810
mrs. doubtfire,1811
rain man,1812
gran torino,1813
w.,1814
taken,1815
the best of me,1816
the bodyguard,1817
schindler's list,1818
the help,1819
the fifth estate,1820
scooby-doo 2: monsters unleashed,1821
forbidden kingdom,1822
freddy vs. jason,1823
the face of an angel,1824
jimmy neutron: boy genius,1825
cloverfield,1826
teenage mutant ninja turtles ii: the secret of the ooze,1827
the untouchables,1828
no country for old men,1829
ride along,1830
bridget jones's diary,1831
chocolat,1832
"legally blonde 2: red, white & blonde",1833
parental guidance,1834
no strings attached,1835
tombstone,1836
romeo must die,1837
the omen,1838
final destination 3,1839
the lucky one,1840
bridge to terabithia,1841
finding neverland,1842
a madea christmas,1843
the grey,1844
hide and seek,1845
anchorman: the legend of ron burgundy,1846
goodfellas,1847
agent cody banks,1848
nanny mcphee,1849
scarface,1850
nothing to lose,1851
the last emperor,1852
contraband,1853
money talks,1854
there will be blood,1855
the wild thornberrys movie,1856
rugrats go wild,1857
undercover brother,1858
the sisterhood of the traveling pants,1859
kiss of the dragon,1860
the house bunny,1861
beauty shop,1862
million dollar arm,1863
the giver,1864
what a girl wants,1865
jeepers creepers 2,1866
good luck chuck,1867
cradle 2 the grave,1868
the hours,1869
she's the man,1870
mr. bean's holiday,1871
anacondas: the hunt for the blood orchid,1872
blood ties,1873
august rush,1874
elizabeth,1875
bride of chucky,1876
tora! tora! tora!,1877
spice world,1878
the sitter,1879
dance flick,1880
the shawshank redemption,1881
crocodile dundee in los angeles,1882
kingpin,1883
the gambler,1884
august: osage county,1885
ice princess,1886
a lot like love,1887
eddie the eagle,1888
he got game,1889
don juan demarco,1890
dear john,1891
the losers,1892
don't be afraid of the dark,1893
war,1894
punch-drunk love,1895
eurotrip,1896
half past dead,1897
unaccompanied minors,1898
"bright lights, big city",1899
the adventures of pinocchio,1900
the greatest game ever played,1901
the box,1902
the ruins,1903
the next best thing,1904
my soul to take,1905
the girl next door,1906
maximum risk,1907
stealing harvard,1908
legend,1909
hot rod,1910
shark night,1911
angela's ashes,1912
draft day,1913
lifeforce,1914
the conspirator,1915
lords of dogtown,1916
the 33,1917
big trouble in little china,1918
fly me to the moon,1919
warrior,1920
michael collins,1921
gettysburg,1922
stop-loss,1923
abandon,1924
brokedown palace,1925
the possession,1926
mrs. winterbourne,1927
straw dogs,1928
the hoax,1929
stone cold,1930
the road,1931
sheena,1932
underclassman,1933
say it isn't so,1934
the world's fastest indian,1935
tank girl,1936
king's ransom,1937
blindness,1938
bloodrayne,1939
carnage,1940
where the truth lies,1941
cirque du soleil: worlds away,1942
without limits,1943
me and orson welles,1944
the best offer,1945
the bad lieutenant: port of call - new orleans,1946
a turtle's tale: sammy's adventures,1947
little white lies,1948
love ranch,1949
the true story of puss 'n boots,1950
space dogs,1951
the counselor,1952
ironclad,1953
waterloo,1954
kung fu jungle,1955
red sky,1956
dangerous liaisons,1957
on the road,1958
star trek iv: the voyage home,1959
rocky balboa,1960
scream 2,1961
jane got a gun,1962
think like a man too,1963
the whole nine yards,1964
footloose,1965
old school,1966
the fisher king,1967
i still know what you did last summer,1968
return to me,1969
zack and miri make a porno,1970
nurse betty,1971
the men who stare at goats,1972
double take,1973
"girl, interrupted",1974
win a date with tad hamilton!,1975
muppets from space,1976
the wiz,1977
ready to rumble,1978
play it to the bone,1979
i don't know how she does it,1980
piranha 3d,1981
beyond the sea,1982
meet the deedles,1983
the thief and the cobbler,1984
the bridge of san luis rey,1985
faster,1986
howl's moving castle,1987
zombieland,1988
the waterboy,1989
the empire strikes back,1990
bad boys,1991
the naked gun 2½: the smell of fear,1992
final destination,1993
the ides of march,1994
pitch black,1995
someone like you...,1996
her,1997
joy ride,1998
the adventurer: the curse of the midas box,1999
